1,300,4.5
3,117,5.0
3,174,4.6666665
3,210,4.6666665
3,79,4.5
3,405,4.0
4,181,5.0
4,127,4.5
4,269,4.5
4,286,4.0
4,237,3.5
5,269,5.0
5,7,4.0
6,300,4.0
6,288,3.5
8,257,5.0
8,286,3.5
8,300,2.5
9,100,5.0
9,181,4.3333335
9,258,4.3333335
9,257,4.0
9,237,4.0
10,288,4.5
10,222,4.0
10,237,2.5
11,288,4.5
12,56,5.0
12,100,4.6666665
12,258,4.5
12,237,4.5
12,222,4.5
14,286,5.0
14,258,3.5
14,1,3.0
16,258,3.0
16,269,2.5
17,258,4.0
17,300,3.0
17,288,2.6666667
18,300,4.0
18,222,3.5
18,117,3.5
18,294,3.0
19,173,5.0
19,127,5.0
19,98,5.0
19,1,5.0
19,100,5.0
20,294,2.3333333
21,269,4.0
22,269,4.5
22,286,4.0
22,100,3.5
23,286,5.0
23,127,3.0
25,288,4.0
25,56,4.0
25,300,3.5
27,7,4.0
27,405,3.5
27,56,3.0
27,117,3.0
27,222,2.5
28,300,4.3333335
29,258,4.5
29,288,4.5
30,56,4.5
30,269,4.0
30,173,3.5
32,172,5.0
32,98,4.0
32,56,3.5
32,127,3.0
33,56,5.0
33,174,5.0
33,173,5.0
33,50,5.0
33,195,5.0
34,50,5.0
34,181,5.0
34,258,4.3333335
34,117,4.0
34,237,4.0
35,100,5.0
35,50,4.6666665
35,181,4.5
35,269,4.3333335
35,127,4.0
36,121,4.5
36,222,4.5
36,405,4.5
36,294,4.0
36,300,4.0
37,258,4.5
37,1,3.5
37,294,3.0
38,56,5.0
38,50,5.0
38,168,5.0
38,222,4.5
38,181,4.0
39,173,5.0
39,172,5.0
39,50,5.0
39,79,4.5
39,286,4.5
40,100,4.5
40,1,4.5
40,181,3.5
41,258,5.0
41,288,4.0
41,300,4.0
41,222,4.0
41,294,3.6666667
42,127,4.5
42,288,3.6666667
42,258,3.5
42,286,3.0
42,56,2.5
43,288,3.0
44,269,4.3333335
44,300,4.0
44,286,3.3333333
45,258,3.5
45,286,3.5
45,294,3.5
46,258,4.0
46,269,3.5
47,127,4.5
47,100,4.0
47,151,4.0
47,50,4.0
47,7,4.0
48,258,4.6666665
48,257,4.5
48,100,4.5
48,127,4.0
48,7,3.5
49,269,4.3333335
49,286,3.0
50,181,4.5
50,50,4.5
50,300,4.0
50,121,4.0
50,294,4.0
51,100,5.0
51,168,5.0
51,195,5.0
51,127,5.0
51,174,4.6666665
52,50,5.0
52,222,4.5
52,195,4.5
52,79,4.5
52,168,4.5
53,56,5.0
53,98,4.5
53,1,4.0
53,127,4.0
53,117,3.6666667
54,172,4.5
54,286,4.5
54,168,4.5
54,269,4.3333335
54,210,4.0
55,100,4.0
55,1,4.0
55,222,3.5
56,100,4.0
56,288,2.5
57,286,4.0
58,294,3.0
59,300,3.5
60,258,5.0
60,269,4.5
60,100,4.5
60,117,4.0
60,257,3.0
61,127,5.0
61,151,4.5
61,7,4.5
61,100,4.5
61,286,3.5
62,269,4.0
65,300,4.5
65,286,4.0
65,288,4.0
67,127,4.5
67,237,4.0
67,195,4.0
67,288,4.0
67,258,3.5
68,294,3.3333333
69,127,5.0
70,56,5.0
70,100,5.0
70,7,4.5
70,98,4.5
70,127,4.5
71,1,5.0
71,127,4.5
71,258,4.0
72,286,3.5
73,121,4.0
73,237,3.0
73,294,2.6666667
74,269,4.3333335
74,286,4.0
74,1,3.0
75,127,5.0
75,98,4.5
75,286,4.3333335
75,269,4.0
75,7,4.0
76,79,4.5
76,222,4.5
76,1,4.0
76,151,4.0
76,405,3.5
77,294,4.5
77,288,3.5
78,181,4.0
78,50,4.0
78,405,4.0
78,117,3.5
78,7,3.5
79,294,2.5
80,151,5.0
80,56,4.5
80,98,4.5
80,173,4.0
80,7,4.0
81,127,5.0
81,50,5.0
81,286,3.0
82,269,4.3333335
82,258,4.0
82,300,2.5
83,286,4.0
83,288,3.0
83,173,3.0
85,288,3.0
86,181,4.5
86,1,4.5
86,100,4.5
86,127,4.0
86,7,4.0
87,269,4.0
87,1,3.5
87,286,3.0
88,56,5.0
88,127,5.0
88,98,5.0
88,79,4.5
88,288,4.5
89,258,5.0
89,286,3.5
91,258,3.6666667
92,300,4.0
92,286,2.0
93,56,5.0
93,98,4.5
93,100,4.0
93,286,3.6666667
93,50,3.6666667
94,269,4.5
94,294,2.0
95,258,3.0
95,288,2.5
96,172,5.0
96,237,4.0
96,258,4.0
96,121,4.0
96,257,4.0
97,258,4.5
97,151,4.5
97,127,4.5
97,288,3.5
97,121,3.0
98,56,5.0
98,100,5.0
98,286,4.5
98,98,4.5
98,172,4.0
99,269,4.0
99,286,3.3333333
101,127,5.0
101,56,4.5
101,98,4.0
101,174,4.0
101,269,3.6666667
103,173,4.5
103,286,4.0
103,100,4.0
103,174,4.0
103,288,2.5
104,173,5.0
104,174,4.5
104,1,4.0
104,56,4.0
105,127,4.5
105,181,4.5
105,56,4.5
105,300,3.0
106,294,5.0
106,50,5.0
106,98,5.0
106,117,5.0
106,79,5.0
107,151,4.5
107,100,4.0
107,7,4.0
107,222,4.0
107,1,3.0
108,286,3.6666667
108,269,3.5
108,258,3.3333333
109,286,4.0
109,300,4.0
110,269,4.5
110,117,3.5
110,286,3.5
110,257,3.0
111,100,5.0
111,98,5.0
111,127,5.0
111,50,4.0
111,237,4.0
113,195,4.0
113,1,4.0
113,173,3.0
114,258,4.5
114,173,4.5
114,127,4.0
114,50,4.0
114,1,3.5
115,286,4.0
115,258,3.5
120,100,4.5
120,269,4.0
120,173,3.5
121,286,4.5
121,173,4.0
121,288,3.0
123,258,4.0
123,300,2.0
124,100,4.5
124,222,3.0
125,286,4.0
125,288,4.0
126,174,5.0
126,56,5.0
126,100,4.5
126,79,4.5
126,195,4.5
127,195,4.0
127,1,3.5
127,173,3.0
128,286,5.0
128,288,1.0
129,294,2.5
131,7,4.5
131,50,4.5
131,117,4.0
131,237,4.0
131,258,4.0
132,257,3.5
132,181,3.5
132,258,3.5
132,288,3.0
132,121,3.0
133,56,5.0
133,168,5.0
133,173,4.5
133,100,4.5
133,127,4.3333335
134,288,3.3333333
135,50,5.0
135,300,4.0
135,7,4.0
135,210,3.5
135,121,3.0
136,173,5.0
136,174,4.6666665
136,181,4.3333335
136,50,4.0
136,195,4.0
137,127,3.5
137,258,3.5
138,286,4.5
138,7,3.6666667
138,258,3.5
138,288,2.5
139,56,4.6666665
139,7,4.5
139,168,4.5
139,50,4.3333335
139,98,4.0
140,173,5.0
140,7,5.0
140,56,5.0
140,127,4.6666665
140,98,4.5
142,100,5.0
142,127,5.0
142,56,4.5
142,98,4.3333335
142,151,4.0
143,173,5.0
143,56,5.0
143,127,4.5
143,1,4.5
143,98,4.5
144,269,3.6666667
146,50,5.0
146,127,5.0
146,174,5.0
146,222,4.5
146,195,4.5
147,210,5.0
147,294,5.0
147,172,5.0
147,56,5.0
147,50,4.5
148,288,4.5
148,405,3.6666667
148,117,3.0
148,294,3.0
148,100,3.0
149,56,5.0
149,174,4.5
149,100,4.3333335
149,7,4.0
149,79,4.0
150,258,5.0
150,174,4.6666665
150,168,4.6666665
150,79,4.6666665
150,195,4.6666665
152,100,5.0
152,127,5.0
152,50,5.0
152,257,4.5
152,1,4.5
153,300,4.5
153,288,3.5
154,127,5.0
154,300,4.0
154,294,1.6666666
155,98,4.5
155,7,4.5
155,172,4.5
155,258,3.0
155,121,3.0
157,56,5.0
157,98,4.0
157,257,4.0
157,168,4.0
157,181,3.6666667
158,288,3.0
160,257,4.0
160,121,4.0
161,237,4.5
161,258,2.5
162,168,5.0
162,286,4.5
162,100,4.5
162,98,4.5
162,127,4.0
163,1,4.5
163,79,4.5
163,121,4.0
163,7,4.0
163,237,4.0
164,286,5.0
164,269,4.3333335
164,50,3.6666667
164,1,3.5
164,288,3.0
165,300,5.0
165,294,4.0
165,210,3.0
167,300,5.0
167,50,4.6666665
167,7,4.6666665
167,100,4.6666665
167,210,4.5
168,269,4.0
168,286,3.5
169,286,4.5
169,222,4.0
169,288,3.0
170,50,4.5
170,181,4.5
170,127,4.5
170,7,3.5
170,286,3.0
171,127,4.5
171,100,4.0
171,151,4.0
171,50,4.0
171,7,4.0
173,172,5.0
173,174,4.5
173,181,4.5
173,210,4.0
173,50,4.0
175,79,4.0
175,7,4.0
175,405,3.5
175,294,3.5
175,288,3.3333333
176,1,4.0
176,269,3.5
176,173,2.0
177,286,5.0
179,98,4.5
179,100,3.5
179,79,3.5
179,56,3.3333333
179,173,3.0
180,117,5.0
180,1,5.0
180,100,5.0
180,237,4.5
180,257,4.3333335
181,79,4.0
181,127,3.5
181,174,3.0
182,79,4.5
182,174,4.0
182,117,3.5
182,127,3.0
183,288,4.5
183,237,4.0
183,269,4.0
183,7,4.0
183,300,3.5
184,300,4.0
184,294,4.0
184,288,1.0
185,98,4.5
185,100,4.0
185,56,4.0
185,257,3.5
185,174,3.5
186,286,4.0
187,174,5.0
187,100,5.0
187,127,5.0
187,50,5.0
187,258,4.6666665
188,258,4.5
189,286,4.5
189,288,4.0
189,258,4.0
189,300,3.5
191,100,5.0
191,258,3.0
191,294,1.5
191,121,1.5
192,151,5.0
192,174,4.5
192,98,4.5
192,79,4.5
192,195,4.5
194,258,4.0
194,300,3.3333333
194,269,3.0
195,173,5.0
195,98,5.0
195,56,4.6666665
195,195,4.5
195,174,4.5
196,258,5.0
196,7,4.5
196,174,4.5
196,405,4.0
196,121,4.0
197,1,4.3333335
197,151,4.0
197,222,3.5
197,237,3.0
197,100,3.0
198,269,4.5
198,288,4.0
199,288,3.6666667
199,300,3.5
200,269,3.0
202,50,5.0
202,127,4.0
202,300,4.0
202,257,4.0
202,288,3.6666667
203,286,4.0
204,181,5.0
204,50,5.0
204,151,4.5
204,257,3.5
204,117,3.5
205,127,5.0
205,174,4.5
205,195,4.0
205,79,4.0
205,50,4.0
206,173,5.0
206,100,4.0
206,7,4.0
206,50,4.0
206,79,4.0
207,288,3.5
209,98,5.0
209,79,5.0
209,100,4.3333335
209,237,4.3333335
209,7,4.0
210,7,4.0
210,100,4.0
210,286,4.0
210,258,3.5
210,288,3.0
211,50,4.6666665
211,174,4.5
211,56,4.5
211,172,4.5
211,195,4.5
212,151,5.0
212,181,4.5
212,100,4.3333335
212,98,4.0
212,168,3.5
213,300,4.0
214,286,4.5
214,258,4.0
214,405,3.5
214,237,3.5
215,286,3.0
215,7,3.0
216,300,3.5
216,269,3.0
217,269,3.0
217,294,2.5
218,286,5.0
218,1,3.5
218,50,3.5
218,258,3.5
220,50,5.0
220,7,4.5
220,127,4.5
220,1,4.5
220,195,4.5
221,294,2.0
222,269,5.0
222,286,3.6666667
223,56,4.0
223,98,4.0
223,100,4.0
223,168,3.0
223,50,2.5
224,172,5.0
224,257,5.0
224,50,5.0
224,195,5.0
224,405,5.0
225,181,5.0
225,174,5.0
225,300,5.0
225,195,5.0
225,50,4.5
226,300,3.6666667
226,288,3.5
226,294,3.0
227,172,5.0
227,174,4.6666665
227,195,4.5
227,257,4.5
227,98,4.5
228,300,3.0
228,294,2.0
229,100,4.0
229,117,3.0
230,286,3.3333333
230,258,2.5
231,168,5.0
231,98,4.5
231,257,4.5
231,222,3.6666667
231,174,3.5
232,300,5.0
232,174,4.5
232,258,4.0
233,258,4.0
235,258,4.5
235,127,3.5
237,50,5.0
237,181,5.0
237,237,4.3333335
237,121,4.0
237,258,3.6666667
239,258,3.5
239,294,2.0
240,294,3.5
240,258,2.5
241,173,5.0
241,174,5.0
241,7,5.0
241,195,5.0
241,1,4.5
243,100,4.0
243,257,4.0
243,181,3.5
243,50,3.5
243,288,2.5
244,286,4.0
245,173,5.0
245,294,4.5
245,288,4.0
246,286,5.0
247,195,2.5
247,56,1.5
248,288,4.0
249,269,4.3333335
249,286,3.3333333
249,288,3.0
250,286,5.0
250,269,4.0
251,286,4.0
252,173,5.0
252,127,5.0
252,269,5.0
252,258,4.6666665
252,98,4.6666665
253,286,4.0
253,181,3.0
254,300,4.5
254,288,4.3333335
254,294,3.3333333
256,269,4.0
256,258,3.6666667
256,286,3.0
256,300,2.6666667
257,127,3.0
258,173,5.0
258,50,4.5
258,1,4.5
258,117,4.5
258,210,4.5
259,100,4.5
259,56,4.5
259,258,2.5
261,269,4.3333335
261,258,4.0
261,286,3.5
262,286,3.5
263,286,4.6666665
264,258,3.5
266,174,5.0
266,173,5.0
266,50,5.0
266,195,5.0
266,1,4.6666665
267,286,4.0
267,288,3.5
267,237,3.5
268,300,4.3333335
269,286,4.0
269,300,3.5
270,300,5.0
270,294,4.5
271,288,4.0
272,100,4.5
272,181,4.0
272,258,4.0
272,286,3.6666667
272,237,3.5
274,56,4.6666665
274,127,4.5
274,222,3.5
274,121,3.0
277,269,3.5
278,174,5.0
278,172,5.0
278,210,5.0
278,195,5.0
278,50,5.0
279,286,4.3333335
279,258,3.0
279,300,3.0
280,258,4.0
280,300,3.5
280,269,3.5
281,172,2.0
282,79,4.5
282,286,4.5
283,181,4.3333335
283,127,4.0
283,117,4.0
283,300,3.5
283,257,3.5
284,174,5.0
284,50,5.0
284,173,5.0
284,172,4.5
284,181,4.5
285,181,5.0
285,50,5.0
285,1,4.0
285,121,3.0
286,286,4.6666665
286,300,3.5
287,127,3.5
287,258,3.5
287,286,3.0
289,100,4.6666665
289,174,4.5
289,269,4.5
289,168,4.5
289,98,4.0
290,127,4.0
290,7,3.5
291,286,4.0
292,286,4.5
292,258,4.5
292,269,4.5
292,294,4.5
293,269,3.0
295,127,5.0
295,269,4.5
295,117,4.5
295,258,4.0
295,257,3.5
296,174,5.0
296,173,4.0
298,100,4.5
298,258,4.0
298,288,2.5
299,258,4.0
299,269,3.3333333
300,258,4.0
302,56,5.0
302,79,4.5
302,127,4.0
302,300,3.5
302,286,3.5
304,174,4.5
304,127,4.5
304,210,4.5
304,257,4.0
304,56,4.0
305,294,3.5
306,98,5.0
306,300,4.5
306,56,4.5
306,7,4.0
306,294,3.5
307,300,5.0
307,288,3.0
307,294,3.0
308,286,5.0
308,269,4.6666665
308,258,3.5
309,288,4.0
309,269,4.0
309,195,3.5
309,294,3.0
310,7,3.5
310,288,3.0
311,7,4.0
311,288,3.5
312,286,4.6666665
312,300,3.5
313,286,4.0
314,50,4.6666665
314,127,4.5
314,181,4.3333335
314,258,4.0
314,286,4.0
315,174,5.0
315,258,4.5
315,50,4.5
315,181,4.0
315,7,3.0
316,79,4.5
316,269,3.0
318,258,4.0
320,286,4.0
320,98,3.5
320,258,3.5
321,181,4.5
321,300,4.0
322,181,4.5
322,7,4.5
322,174,4.5
322,195,4.5
322,168,4.5
323,173,3.5
323,269,3.5
324,405,4.5
324,79,4.0
324,195,3.0
324,257,2.5
325,258,5.0
325,300,5.0
325,294,4.5
325,288,4.0
326,100,5.0
326,121,4.5
326,117,4.0
326,286,3.5
326,405,3.5
328,269,4.0
328,257,3.5
331,257,4.5
331,168,4.3333335
331,222,4.0
331,151,4.0
331,173,4.0
333,7,4.5
333,50,4.5
333,222,4.5
333,1,4.0
333,237,4.0
334,294,2.0
335,173,5.0
335,100,5.0
335,127,5.0
335,98,5.0
335,168,4.5
336,286,4.0
336,127,4.0
336,258,2.6666667
337,98,4.5
337,173,4.5
337,56,4.5
337,195,4.0
337,174,4.0
338,50,4.0
338,7,4.0
339,300,3.0
339,294,1.5
340,127,5.0
340,98,4.6666665
340,100,4.5
340,222,4.3333335
340,56,4.3333335
341,168,5.0
341,100,5.0
341,50,5.0
341,7,5.0
341,174,4.6666665
342,300,4.0
342,269,3.5
343,210,3.0
343,294,3.0
345,7,3.0
346,286,4.5
346,269,3.3333333
346,258,3.0
348,258,4.5
348,286,3.5
348,300,2.0
349,127,5.0
349,98,4.5
349,56,4.5
349,168,4.5
349,173,4.0
350,257,3.5
350,269,3.5
350,300,2.5
351,50,5.0
351,294,3.0
352,222,4.5
352,151,4.5
353,50,5.0
353,1,4.5
353,151,4.5
353,181,4.5
353,121,4.5
354,121,4.0
354,1,3.0
354,405,3.0
355,269,4.5
355,258,2.5
356,7,4.5
356,50,4.5
356,257,4.3333335
356,181,4.0
356,405,3.5
357,50,5.0
357,181,4.5
357,127,4.0
357,300,4.0
357,286,2.5
358,269,5.0
358,98,4.5
358,100,4.5
358,56,4.5
358,151,4.0
359,174,5.0
359,151,5.0
359,172,5.0
359,100,4.6666665
359,56,4.6666665
360,294,4.5
360,300,3.5
361,300,5.0
361,294,4.5
361,288,3.3333333
362,79,5.0
362,56,5.0
362,174,3.0
362,172,3.0
362,181,3.0
364,100,5.0
364,98,5.0
364,172,5.0
364,174,5.0
364,181,4.5
365,56,5.0
366,1,5.0
366,258,5.0
366,174,4.6666665
366,50,4.6666665
366,269,4.5
367,181,5.0
367,174,5.0
367,172,5.0
367,269,5.0
367,79,4.3333335
368,1,4.5
368,121,4.0
368,237,4.0
368,300,3.5
368,258,3.5
369,56,5.0
369,100,5.0
369,174,4.6666665
369,151,4.5
369,237,4.5
370,286,5.0
370,7,4.0
370,300,2.5
370,288,2.0
371,100,4.0
371,258,3.0
371,269,2.5
372,50,5.0
372,210,5.0
372,181,5.0
372,174,5.0
372,258,4.5
373,258,4.5
373,222,4.0
373,288,4.0
373,300,3.0
374,286,4.0
374,258,4.0
374,269,4.0
374,300,2.0
376,50,5.0
376,258,4.3333335
376,127,4.0
376,257,4.0
376,1,4.0
377,50,5.0
377,300,5.0
377,1,4.5
379,222,3.5
379,288,3.0
380,288,4.3333335
380,56,3.0
380,294,2.5
381,127,4.5
381,117,4.5
381,237,4.0
381,258,4.0
381,405,4.0
382,269,3.5
383,173,5.0
383,258,4.5
383,7,4.5
383,151,4.0
383,79,4.0
385,269,4.0
385,288,3.5
385,237,2.5
386,100,4.5
386,79,3.5
387,237,4.0
388,174,4.5
388,7,4.0
388,269,3.5
389,288,3.5
389,237,3.0
390,98,5.0
390,269,4.5
390,172,4.5
390,195,4.5
390,79,4.5
392,100,3.5
392,121,2.5
394,258,4.5
394,286,4.0
394,269,4.0
394,300,3.5
395,294,2.0
396,50,4.5
396,98,4.5
396,127,4.5
396,79,4.0
396,174,4.0
397,222,4.5
397,151,4.5
397,121,4.0
397,1,4.0
397,294,3.5
398,269,4.5
398,258,4.0
398,294,4.0
398,300,4.0
398,286,3.6666667
399,269,4.5
399,286,3.0
399,258,3.0
400,50,5.0
400,7,4.5
400,127,4.5
400,1,4.5
400,195,4.5
401,288,4.0
402,269,3.5
402,300,3.5
403,286,5.0
405,286,5.0
405,294,4.0
408,173,5.0
408,56,5.0
408,127,5.0
408,168,5.0
408,174,4.6666665
410,79,4.5
410,117,4.5
410,56,4.0
410,210,4.0
410,222,4.0
411,151,4.0
411,288,3.5
411,100,3.3333333
411,121,2.6666667
411,237,2.5
412,100,5.0
412,98,5.0
412,79,4.0
412,294,3.5
412,258,3.5
413,79,5.0
413,174,5.0
413,210,5.0
413,195,5.0
413,172,4.5
414,50,5.0
414,127,5.0
414,56,5.0
414,174,4.6666665
414,168,4.5
415,100,5.0
415,181,5.0
415,50,5.0
415,172,5.0
415,7,4.6666665
417,269,3.5
418,98,5.0
418,117,4.5
418,100,4.3333335
418,237,4.0
418,121,4.0
419,195,5.0
419,127,5.0
419,222,4.5
419,172,4.5
419,7,4.0
420,50,5.0
420,1,4.0
420,269,4.0
420,294,1.6666666
421,181,5.0
421,1,4.5
421,257,4.0
421,195,4.0
421,121,3.5
423,222,5.0
423,79,4.6666665
423,50,4.5
423,1,4.5
423,7,4.5
424,56,3.5
424,181,2.5
426,127,4.6666665
426,172,4.3333335
426,56,4.3333335
426,288,4.0
426,79,3.6666667
428,1,3.5
428,173,3.5
428,195,3.5
428,117,3.5
428,172,3.0
429,286,4.3333335
429,294,4.0
429,269,4.0
431,127,5.0
431,117,4.0
431,7,4.0
431,405,3.5
431,237,3.0
432,98,5.0
432,127,4.5
432,56,3.5
433,98,5.0
433,100,5.0
433,56,5.0
433,7,4.5
433,127,4.5
434,50,5.0
434,172,5.0
434,181,5.0
434,100,4.6666665
434,210,4.0
435,286,4.5
436,100,4.6666665
436,269,4.0
436,286,4.0
436,237,3.5
436,258,3.0
437,127,4.3333335
437,294,3.5
437,269,3.0
437,257,3.0
437,258,2.0
438,127,5.0
438,172,4.5
438,258,3.5
438,288,3.0
438,195,3.0
439,1,3.5
440,269,3.6666667
440,288,3.0
440,286,2.5
440,294,2.0
441,50,4.5
441,98,4.5
441,258,4.5
441,79,4.3333335
441,174,4.3333335
442,258,4.0
442,300,3.0
443,300,4.0
443,288,3.3333333
444,174,5.0
444,195,5.0
444,7,5.0
444,168,4.5
444,172,4.5
445,258,4.5
445,294,3.0
446,100,5.0
446,1,5.0
446,173,5.0
446,98,4.6666665
446,56,4.5
448,294,4.0
448,210,3.0
449,168,5.0
449,56,4.5
449,151,4.5
449,98,4.0
449,7,4.0
451,98,4.5
451,56,4.5
451,174,4.0
451,7,3.5
451,405,3.0
452,258,4.5
452,300,4.0
453,127,5.0
453,173,5.0
454,294,3.5
454,288,3.0
455,294,2.6666667
456,300,4.0
456,269,3.5
457,269,4.0
457,300,4.0
457,286,3.5
459,237,4.5
461,127,4.5
461,288,4.3333335
461,222,4.0
462,79,5.0
462,294,4.5
462,210,4.5
462,168,4.5
462,1,4.5
463,294,1.6666666
464,98,4.6666665
464,173,4.5
464,121,4.5
464,168,4.5
464,1,4.5
465,210,4.5
465,288,3.5
465,294,3.0
467,286,4.0
468,269,3.3333333
469,50,4.5
469,181,4.0
469,151,4.0
469,100,3.5
469,269,3.5
470,300,3.5
471,100,5.0
471,168,5.0
471,300,4.5
471,127,4.5
471,173,4.5
472,300,3.6666667
472,286,3.0
473,100,5.0
473,50,5.0
473,172,5.0
473,56,5.0
473,181,4.5
474,300,3.0
475,174,5.0
475,195,5.0
475,172,4.6666665
475,7,4.6666665
475,181,4.6666665
476,181,5.0
476,50,5.0
476,127,5.0
476,174,5.0
476,258,4.6666665
478,258,3.5
478,294,2.5
480,269,4.5
480,7,4.5
480,286,3.3333333
481,258,4.3333335
481,300,4.0
481,286,4.0
481,257,3.6666667
481,294,3.6666667
482,100,4.5
482,1,4.3333335
482,181,4.0
482,121,4.0
482,117,4.0
483,300,4.0
483,294,3.0
484,286,4.0
485,50,4.5
485,300,4.5
485,181,4.5
485,258,4.0
485,222,3.5
487,269,3.5
488,237,3.5
489,79,4.5
489,257,4.5
489,127,3.5
489,237,3.5
489,174,3.0
490,288,4.0
490,173,4.0
490,294,2.6666667
491,98,4.5
491,173,4.0
491,288,3.5
491,56,2.0
491,174,2.0
492,258,4.0
492,181,4.0
492,300,4.0
492,257,3.6666667
492,50,3.6666667
493,269,4.6666665
493,286,3.0
494,288,3.5
495,405,5.0
495,117,5.0
495,300,4.0
496,300,3.6666667
496,258,3.3333333
496,294,2.6666667
497,286,5.0
498,286,3.6666667
498,300,3.0
499,151,4.5
499,1,4.0
499,222,4.0
499,294,3.5
499,237,2.0
500,288,3.0
501,258,4.5
501,50,4.3333335
501,286,2.5
502,173,5.0
502,127,5.0
502,168,5.0
502,50,5.0
502,195,5.0
503,258,4.3333335
503,294,4.0
503,288,3.6666667
503,300,3.3333333
506,288,4.3333335
506,117,4.0
506,7,4.0
506,257,4.0
506,100,4.0
508,7,5.0
508,100,4.5
508,258,4.0
508,286,4.0
508,294,3.5
509,286,4.6666665
509,7,4.0
512,174,5.0
512,127,5.0
512,173,5.0
512,269,4.5
512,172,4.5
513,1,3.5
514,286,3.5
515,79,5.0
515,56,5.0
515,174,3.0
515,172,3.0
515,181,3.0
516,7,5.0
516,168,4.5
516,151,4.5
516,195,4.5
516,210,4.5
517,288,3.0
518,258,5.0
518,286,4.0
520,7,4.5
520,258,3.5
520,117,3.5
520,1,3.0
520,405,2.5
521,269,3.5
521,286,3.0
522,50,5.0
522,174,5.0
522,98,4.6666665
522,269,4.0
522,1,4.0
523,174,5.0
523,79,4.6666665
523,127,4.5
523,172,4.5
523,195,4.0
524,1,5.0
525,50,5.0
525,286,4.5
525,258,3.6666667
526,222,3.5
527,288,4.5
527,258,4.5
527,222,4.0
528,100,5.0
528,121,4.0
528,257,4.0
528,237,3.5
528,222,3.5
529,98,5.0
529,174,5.0
529,50,4.5
529,1,4.5
529,173,4.5
530,222,5.0
530,121,5.0
530,151,4.5
530,127,3.5
530,1,3.5
531,258,4.0
531,294,3.0
532,50,4.0
532,286,3.5
532,258,3.5
532,294,3.0
532,288,2.5
534,98,5.0
534,50,5.0
534,174,5.0
534,181,4.6666665
534,257,4.5
535,288,5.0
535,294,2.5
536,286,5.0
536,237,4.0
536,257,4.0
536,100,3.6666667
536,7,3.6666667
538,286,4.5
538,269,4.5
539,79,4.0
539,173,3.0
539,300,3.0
540,288,4.0
541,56,4.3333335
541,127,4.3333335
541,100,4.3333335
541,269,4.0
541,286,4.0
542,286,4.0
542,269,4.0
542,258,4.0
542,300,3.0
543,50,4.5
543,181,4.0
543,121,4.0
543,222,4.0
543,300,3.6666667
545,100,3.6666667
545,127,3.6666667
545,56,3.6666667
545,286,3.5
546,269,3.3333333
547,56,5.0
547,50,5.0
547,174,5.0
547,195,5.0
547,127,5.0
549,294,4.0
549,210,3.5
550,174,4.5
550,210,4.0
550,98,4.0
550,79,3.5
550,269,3.5
552,173,3.5
553,286,5.0
553,127,5.0
553,237,4.0
553,258,4.0
553,79,4.0
554,258,2.5
555,1,3.0
556,100,4.5
556,181,4.5
556,237,4.0
556,1,4.0
556,174,4.0
557,286,4.5
557,258,4.0
557,1,3.5
557,405,3.5
557,121,3.5
558,56,5.0
558,127,5.0
558,50,5.0
558,174,4.5
558,98,4.5
559,258,4.0
560,286,4.5
561,269,4.5
561,300,3.5
562,288,4.0
562,100,4.0
562,269,3.5
562,210,3.5
562,222,3.5
563,127,5.0
563,174,5.0
563,56,5.0
563,195,5.0
563,79,4.5
566,286,4.5
566,269,4.0
566,237,3.6666667
567,121,4.0
567,237,3.5
567,258,3.0
568,98,5.0
568,151,4.5
568,7,4.3333335
568,50,4.0
568,288,4.0
569,269,4.0
570,127,4.5
570,181,4.5
570,294,1.5
572,195,5.0
572,174,5.0
572,172,4.6666665
572,173,4.6666665
572,50,4.6666665
573,300,4.3333335
573,294,3.3333333
573,288,3.0
574,181,5.0
574,50,5.0
574,79,4.5
574,1,4.5
574,117,4.5
575,288,4.0
575,100,3.6666667
575,237,3.6666667
575,257,3.5
575,1,3.5
576,127,5.0
576,174,5.0
576,172,4.6666665
576,173,4.3333335
576,98,4.3333335
577,269,5.0
577,258,3.0
579,181,5.0
580,269,3.0
581,151,5.0
581,286,4.6666665
581,98,4.5
581,173,4.5
581,405,4.0
582,286,3.5
583,56,5.0
583,168,5.0
583,98,4.0
583,269,4.0
583,151,4.0
586,269,4.0
586,286,4.0
586,300,3.0
587,257,4.0
589,168,4.5
589,50,4.0
589,56,4.0
589,173,4.0
589,98,4.0
590,151,5.0
590,56,5.0
590,222,4.5
590,269,4.5
590,1,4.0
591,98,3.0
591,7,3.0
591,288,2.3333333
591,174,2.0
591,294,1.5
592,300,4.0
594,151,4.5
594,7,3.5
594,258,3.0
594,174,3.0
594,121,3.0
595,286,4.0
595,300,3.5
596,100,4.5
597,210,4.0
597,173,4.0
597,288,3.0
597,56,3.0
598,173,5.0
598,50,5.0
598,174,5.0
598,172,4.5
598,1,4.5
599,181,5.0
599,172,5.0
599,50,5.0
599,56,5.0
599,210,5.0
600,100,4.6666665
600,1,4.0
600,7,4.0
600,286,3.6666667
600,151,3.5
601,300,4.0
601,286,2.0
602,100,4.5
602,56,4.5
602,173,4.5
602,98,4.0
602,269,3.6666667
603,98,5.0
603,127,4.5
603,258,4.5
603,300,4.0
604,174,5.0
604,181,4.5
604,210,4.0
604,1,4.0
604,79,4.0
605,151,2.0
606,286,4.0
606,300,3.6666667
607,127,4.3333335
607,50,4.0
607,7,4.0
607,258,3.5
607,269,3.0
609,286,4.0
609,300,3.5
610,258,4.0
610,269,3.5
610,300,2.0
611,258,3.0
611,294,2.0
612,258,5.0
612,405,4.6666665
612,181,4.5
612,222,4.0
612,79,3.5
613,174,5.0
613,172,5.0
613,237,5.0
613,56,5.0
613,210,5.0
614,56,4.0
614,127,3.5
614,50,2.6666667
615,117,4.5
615,181,4.5
615,1,4.5
615,151,4.3333335
615,121,3.6666667
616,294,2.0
617,286,3.5
617,237,3.5
617,50,3.0
618,294,4.0
618,258,3.3333333
618,300,3.0
619,100,5.0
619,286,4.6666665
619,1,4.5
619,7,4.5
621,258,4.0
622,258,4.5
622,300,4.0
623,294,2.6666667
626,100,5.0
626,173,5.0
626,79,4.5
626,151,4.0
626,237,4.0
627,286,3.0
627,294,2.5
628,98,4.0
628,7,4.0
628,117,3.5
628,79,3.5
628,1,2.5
629,237,4.0
633,294,3.3333333
633,286,2.5
634,173,4.5
634,98,3.5
635,181,5.0
635,100,4.5
635,98,4.5
635,50,4.3333335
635,7,4.0
636,181,5.0
636,50,5.0
636,98,4.5
636,79,4.5
636,300,4.3333335
637,269,3.0
638,1,4.5
638,294,4.0
638,288,2.0
639,294,4.5
639,258,4.3333335
640,181,4.3333335
640,50,4.3333335
640,222,4.0
640,7,4.0
640,172,4.0
642,98,5.0
643,286,4.3333335
643,237,2.5
645,294,1.5
646,174,5.0
646,257,4.5
646,7,4.5
646,181,4.0
646,50,4.0
647,286,5.0
647,258,4.5
647,1,4.5
647,127,4.5
647,269,4.0
649,286,5.0
649,100,4.5
649,151,2.5
651,50,5.0
651,258,5.0
651,174,5.0
651,222,4.5
651,195,4.5
652,172,4.5
652,258,4.0
652,7,4.0
653,269,3.5
654,286,2.0
656,174,5.0
656,127,5.0
656,79,5.0
656,195,4.6666665
656,172,4.3333335
657,257,4.5
658,258,4.0
659,100,4.5
660,286,5.0
661,269,4.3333335
661,288,4.0
662,151,5.0
662,56,5.0
662,195,5.0
662,127,5.0
662,98,4.6666665
664,269,4.5
666,1,2.5
667,100,5.0
667,56,5.0
667,127,5.0
667,195,4.6666665
667,174,4.6666665
668,181,5.0
668,195,5.0
668,79,5.0
668,172,5.0
668,174,5.0
669,294,4.0
669,288,2.5
670,100,4.6666665
670,173,4.0
670,300,4.0
670,237,3.6666667
670,50,3.6666667
671,269,5.0
671,1,4.3333335
671,300,3.5
671,168,3.0
671,294,3.0
672,173,5.0
672,79,5.0
672,1,5.0
672,100,4.5
672,222,4.5
674,100,4.5
674,7,4.5
674,258,4.0
674,237,4.0
674,286,3.0
675,100,5.0
675,210,5.0
675,56,5.0
675,7,4.5
675,173,4.5
677,172,4.0
677,258,3.0
677,269,3.0
678,56,5.0
678,286,4.0
678,151,3.0
679,258,4.0
679,300,3.5
681,300,4.5
681,269,2.5
682,286,3.0
683,7,5.0
683,121,4.5
683,117,4.5
683,195,4.5
683,257,4.0
684,174,5.0
684,195,4.5
684,258,4.5
684,7,4.5
684,79,4.0
685,181,5.0
685,50,5.0
685,300,4.5
685,257,3.5
685,294,3.5
686,100,4.6666665
686,1,4.0
686,7,4.0
686,286,3.6666667
686,151,3.5
687,100,5.0
687,127,5.0
687,98,5.0
687,174,4.5
687,56,4.5
689,100,3.0
690,151,4.5
690,222,4.5
690,117,4.5
690,300,4.0
690,405,4.0
691,174,4.3333335
691,100,4.0
691,181,3.5
691,127,3.5
691,210,3.5
692,237,5.0
692,288,4.5
692,405,4.0
692,222,4.0
692,7,4.0
693,100,4.0
693,151,3.5
693,237,3.5
693,1,3.3333333
694,405,4.0
694,257,3.0
694,117,3.0
695,56,5.0
695,50,5.0
695,174,5.0
695,269,4.5
695,98,4.5
697,168,4.5
697,100,4.0
697,269,2.5
698,286,4.0
699,174,3.0
700,258,4.0
700,237,4.0
700,151,4.0
700,117,4.0
700,294,3.0
701,7,4.5
701,121,4.5
701,258,4.5
701,405,4.0
701,288,4.0
702,100,4.5
702,181,4.5
702,50,4.5
702,7,4.0
702,151,3.5
704,288,3.5
705,294,4.5
705,258,4.0
705,288,4.0
705,269,3.0
706,56,4.5
706,98,4.0
707,50,5.0
707,7,3.5
707,288,2.5
708,174,2.3333333
709,269,4.0
709,258,3.6666667
709,286,3.0
709,300,2.3333333
711,210,3.0
711,294,3.0
712,286,4.5
712,258,4.5
712,7,4.0
712,288,4.0
712,117,4.0
713,288,5.0
713,258,4.0
713,173,3.5
713,294,2.5
715,258,3.0
715,286,3.0
715,269,2.5
716,258,3.0
716,269,2.5
718,168,5.0
718,98,5.0
718,100,5.0
718,50,4.6666665
718,7,4.5
719,258,4.0
719,286,3.5
719,288,3.5
719,56,3.3333333
720,300,5.0
720,288,2.0
722,1,4.0
722,269,3.6666667
722,258,3.5
723,257,5.0
723,222,4.0
723,300,3.6666667
723,237,3.5
723,294,3.5
724,1,3.5
724,173,3.5
724,195,3.5
724,100,3.0
724,172,3.0
725,174,4.0
725,210,4.0
725,1,4.0
725,98,4.0
725,50,3.5
726,127,5.0
726,56,4.3333335
726,172,4.3333335
726,50,4.3333335
726,98,4.0
727,288,5.0
727,300,4.5
727,286,4.0
728,222,4.5
728,98,4.5
728,79,4.5
728,56,4.3333335
728,151,4.0
729,127,5.0
729,286,5.0
729,151,4.5
729,100,4.5
729,7,4.0
730,286,3.0
730,173,2.5
731,257,5.0
731,100,4.6666665
731,294,4.3333335
731,172,4.0
731,286,3.5
732,100,4.5
732,56,4.5
732,7,4.0
732,258,3.5
734,7,4.0
735,294,3.3333333
736,1,5.0
736,100,5.0
736,269,4.0
737,56,5.0
737,286,4.6666665
737,269,4.6666665
737,98,4.5
737,7,4.5
738,288,4.3333335
738,286,4.0
738,300,3.6666667
738,294,3.5
739,300,4.5
739,269,4.5
739,294,4.5
739,258,4.0
739,222,3.0
740,173,5.0
740,174,5.0
740,195,5.0
740,7,5.0
740,210,4.5
741,100,3.5
742,286,3.6666667
743,210,3.5
744,173,4.0
744,79,4.0
744,269,4.0
744,100,3.6666667
744,210,3.5
745,300,4.0
745,294,3.0
747,300,3.0
748,269,4.0
749,286,4.5
751,258,3.6666667
751,288,3.3333333
751,294,3.0
752,151,5.0
752,173,4.6666665
752,168,4.5
752,127,4.5
752,98,4.0
753,222,3.5
753,288,3.0
754,173,5.0
754,151,5.0
754,168,5.0
754,195,5.0
754,56,5.0
755,181,4.5
755,237,4.5
755,50,4.0
755,7,3.5
755,405,3.0
757,286,3.0
760,127,4.0
760,294,3.0
760,174,2.0
761,300,3.6666667
762,50,5.0
762,181,5.0
762,100,5.0
762,168,5.0
762,98,4.5
763,300,4.0
763,288,1.0
764,300,4.0
765,258,5.0
765,56,4.5
765,257,3.5
765,294,3.0
765,174,3.0
766,117,4.5
766,288,4.0
766,7,4.0
766,258,3.6666667
766,237,3.3333333
767,173,5.0
767,181,5.0
767,79,4.5
767,258,4.5
767,50,4.5
768,174,5.0
768,172,4.5
768,98,4.5
768,210,4.0
768,56,4.0
769,257,4.5
769,100,4.5
769,286,3.5
770,98,4.5
770,286,3.5
770,127,2.5
770,168,2.0
770,174,1.5
771,269,4.0
771,288,2.5
772,237,4.5
772,117,4.0
772,7,4.0
772,286,4.0
772,405,3.5
773,294,2.0
774,286,3.0
774,269,2.5
776,1,4.5
776,257,4.5
776,258,3.5
776,269,3.0
776,286,3.0
777,294,4.0
777,258,4.0
777,79,3.5
777,195,2.5
777,257,2.5
778,100,4.0
778,181,4.0
778,50,4.0
778,294,3.5
778,237,3.5
779,269,4.5
779,286,2.6666667
780,181,5.0
780,7,5.0
780,168,4.5
780,151,4.5
780,288,4.0
781,300,3.5
782,56,5.0
782,79,3.5
783,50,5.0
783,100,5.0
783,1,4.5
783,79,4.5
783,222,4.5
784,7,5.0
784,127,5.0
784,195,4.0
784,294,4.0
784,237,4.0
785,286,4.0
785,300,3.5
785,258,2.6666667
785,121,2.5
785,7,2.5
786,288,4.0
787,127,3.6666667
787,181,3.0
787,174,2.5
787,50,2.5
788,269,4.0
789,174,5.0
789,56,5.0
789,172,4.5
789,7,4.0
789,79,4.0
790,257,4.5
790,300,3.0
791,174,5.0
791,1,4.6666665
791,258,4.5
791,195,4.5
791,79,4.5
792,56,5.0
792,127,4.5
792,98,4.3333335
792,257,4.0
792,286,4.0
793,98,4.5
793,195,3.5
793,56,3.0
794,195,5.0
794,174,5.0
794,172,4.5
794,222,4.5
794,258,4.3333335
795,269,4.5
795,56,3.0
795,294,1.5
796,288,3.5
797,173,5.0
797,1,5.0
797,79,5.0
797,195,4.0
797,7,4.0
798,269,4.5
798,100,4.3333335
798,286,4.0
798,56,4.0
798,7,4.0
799,7,4.5
799,172,4.0
799,257,3.5
800,286,5.0
800,258,4.5
800,269,4.0
800,98,3.5
800,117,3.5
802,127,4.5
802,172,4.0
802,195,3.5
803,288,5.0
803,100,4.0
803,258,3.5
803,294,3.0
804,286,4.3333335
804,300,4.3333335
804,258,2.5
805,300,4.0
805,286,2.5
807,286,4.5
807,294,2.5
808,56,5.0
808,98,4.5
808,100,4.5
808,172,4.0
808,7,3.5
809,100,5.0
809,50,4.5
809,237,3.5
809,1,3.5
809,257,3.5
810,258,5.0
810,50,4.5
810,1,4.5
810,151,4.0
810,7,4.0
811,174,5.0
811,7,4.5
811,288,4.0
811,172,4.0
811,50,4.0
812,50,5.0
812,269,4.5
812,258,4.0
812,222,3.0
812,7,2.5
813,174,5.0
813,56,5.0
813,127,5.0
813,7,5.0
813,195,5.0
814,79,4.0
814,50,3.5
814,173,3.0
814,174,3.0
814,168,3.0
816,117,4.5
816,7,4.0
816,405,3.0
816,121,2.5
817,286,3.0
817,269,2.3333333
818,174,5.0
818,50,5.0
818,173,5.0
818,172,5.0
818,1,5.0
820,269,4.5
820,300,3.5
820,294,3.0
821,286,4.3333335
821,172,3.5
823,300,3.0
824,56,5.0
824,127,4.5
824,300,4.0
824,258,2.5
825,300,4.5
825,269,4.0
826,7,4.5
826,222,4.0
826,237,4.0
826,121,4.0
826,300,3.5
827,127,5.0
827,100,4.5
827,1,4.3333335
827,117,3.6666667
827,50,3.5
828,127,5.0
828,50,4.5
828,100,4.5
828,300,3.5
828,294,1.3333334
829,173,5.0
829,127,5.0
829,50,5.0
829,7,4.6666665
829,56,4.5
832,300,4.5
832,100,4.5
832,117,4.0
832,121,3.0
832,405,2.5
833,1,4.0
833,173,3.5
833,286,2.5
834,172,5.0
834,98,5.0
834,195,3.5
834,56,3.5
835,269,4.0
835,300,3.0
836,151,4.5
836,7,4.5
836,100,4.0
836,294,1.5
837,127,5.0
837,269,5.0
837,100,5.0
837,288,3.5
837,257,3.0
838,288,5.0
838,269,3.5
840,286,3.0
840,258,2.5
841,237,4.5
841,405,3.0
841,121,2.0
842,100,3.5
842,286,3.0
842,300,2.0
843,269,4.0
843,286,2.5
844,269,4.0
844,286,3.3333333
844,288,3.0
845,100,5.0
845,121,5.0
845,237,5.0
845,127,5.0
845,50,5.0
846,100,3.5
847,269,5.0
847,286,3.0
847,127,2.5
848,56,5.0
848,117,5.0
848,100,5.0
848,98,5.0
848,286,5.0
850,269,4.5
850,127,4.0
850,286,4.0
850,258,3.5
850,1,3.5
851,100,5.0
851,1,5.0
851,98,5.0
851,181,4.6666665
851,7,4.3333335
852,168,5.0
852,286,4.5
852,56,4.5
852,173,4.5
853,174,5.0
853,172,4.5
853,181,4.5
853,7,4.0
853,50,4.0
854,300,2.5
857,269,5.0
857,286,3.5
858,56,5.0
858,79,4.5
858,258,4.0
858,7,3.5
858,172,2.3333333
859,98,5.0
859,56,5.0
859,127,4.5
859,258,4.5
859,269,4.5
860,151,5.0
860,222,4.5
860,288,4.0
860,237,3.5
860,121,3.5
861,127,5.0
861,50,4.6666665
861,100,4.6666665
861,7,4.5
861,237,4.5
863,181,4.6666665
863,237,4.5
863,257,4.5
863,50,4.3333335
863,117,4.0
864,300,4.0
865,269,5.0
865,127,4.5
865,286,4.3333335
866,50,5.0
866,127,4.5
866,181,4.5
866,288,4.3333335
866,294,3.0
867,127,5.0
867,288,3.5
867,100,3.0
868,269,5.0
868,286,4.5
869,286,5.0
869,98,5.0
869,56,4.5
869,7,4.0
869,300,3.5
870,257,4.0
871,1,4.0
871,294,3.5
871,288,1.5
874,181,5.0
874,50,5.0
874,288,3.6666667
874,7,3.5
874,1,3.0
875,151,5.0
875,222,5.0
875,121,4.5
876,100,4.5
876,151,4.0
876,1,4.0
876,172,4.0
876,98,4.0
877,100,4.3333335
877,121,4.0
877,151,3.5
878,300,5.0
878,288,2.5
878,294,2.5
879,56,4.5
879,286,4.0
879,100,4.0
879,288,2.5
881,269,4.5
881,300,4.5
881,237,4.0
881,288,3.0
883,258,3.0
884,174,5.0
884,210,5.0
884,50,4.3333335
884,79,4.3333335
884,181,4.3333335
885,168,3.5
885,294,3.0
887,269,4.0
887,300,3.5
888,172,5.0
888,257,4.5
888,50,4.5
888,121,4.5
888,7,4.3333335
889,286,3.6666667
890,269,3.5
891,56,5.0
891,172,5.0
891,222,4.5
891,258,4.3333335
891,7,4.0
892,286,4.0
892,269,3.6666667
892,258,3.5
893,300,3.0
894,294,3.0
895,174,5.0
895,286,4.5
895,127,4.5
895,172,4.0
895,258,4.0
896,286,3.0
897,258,3.6666667
897,286,3.5
897,269,3.0
898,269,4.0
898,1,4.0
898,294,3.0
899,286,4.5
899,127,4.0
899,300,3.0
900,50,4.5
900,258,3.5
901,127,4.0
901,286,4.0
903,286,4.5
903,222,3.5
904,258,4.6666665
904,127,4.5
904,269,4.0
904,50,4.0
904,257,3.6666667
905,286,4.5
906,1,4.5
906,50,4.5
906,222,4.0
906,79,4.0
906,174,4.0
907,174,5.0
907,300,3.5
908,1,4.6666665
908,286,3.6666667
909,173,5.0
909,174,5.0
909,7,5.0
909,195,5.0
909,1,4.5
911,288,4.5
911,286,4.5
911,50,4.5
911,181,4.0
912,50,5.0
912,127,4.6666665
912,79,4.5
912,210,4.5
912,121,4.0
913,300,4.0
913,286,3.5
913,294,3.5
915,294,2.5
916,127,4.5
916,258,4.0
916,288,3.5
917,286,5.0
917,98,5.0
917,269,4.5
917,7,4.3333335
917,258,4.3333335
918,173,5.0
918,127,5.0
918,100,5.0
918,195,4.6666665
918,50,4.6666665
920,181,5.0
920,100,4.5
920,174,4.5
920,237,4.5
920,7,4.0
921,300,4.5
921,127,4.0
921,258,3.0
922,269,3.5
922,300,3.3333333
922,286,3.0
923,127,4.5
923,258,4.0
923,300,2.5
925,50,4.5
925,127,4.5
925,172,4.5
925,258,4.0
925,195,3.0
926,7,4.0
926,174,3.0
926,172,2.5
926,181,2.5
926,50,2.0
927,50,4.5
927,181,4.5
927,286,4.0
927,258,3.0
928,50,4.6666665
928,181,4.5
928,100,4.0
928,56,4.0
928,1,4.0
929,222,4.5
929,79,4.5
929,151,4.0
929,117,4.0
929,181,4.0
930,258,3.0
930,294,2.6666667
931,294,2.0
932,258,5.0
932,237,4.5
932,50,4.5
932,181,4.0
932,117,3.5
934,258,4.5
935,269,3.0
936,288,3.5
937,288,3.0
938,294,2.5
939,50,4.6666665
939,181,4.5
939,79,4.5
939,174,4.5
939,210,4.5
942,181,4.0
943,258,4.0
943,286,3.6666667
943,288,3.5
943,222,2.5
